Model,Accuracy
Classical,0.9761904761904762
Quantum,0.9523809523809523
